shrubID,year,microsite,exclosure,gradient,water,rep,abundance,richness,Bromus madritensis rubens,Amsinckia intermedia,Brassica nigra,Brome hordeaceus,Erodium cicutarium,Hordeum murinum,Marrubium vulgare,Schismus barbatus,Poa secunda,Acmispon wrangelianus,Cryptantha barbigera,Dichelostemma capitatum ssp. pauciflorum,Lasthenia californica,Pectocarya spp.,Unknown grass
17,2014,Shrub,Y,0,N,1,65,2,62,,,,3,,,,,,,,,,
17,2014,Open,Y,0,N,1,72,2,58,,,,14,,,,,,,,,,
18,2014,Shrub,Y,2,Y,1,74,2,70,,,,4,,,,,,,,,,
18,2014,Open,Y,2,Y,1,52,3,13,,,,36,3,,,,,,,,,
22,2014,Shrub,Y,4,Y,1,39,3,6,,,,4,,,29,,,,,,,
22,2014,Open,Y,4,Y,1,76,2,,,,,15,,,61,,,,,,,
24,2014,Shrub,Y,5,Y,1,62,3,47,,,3,12,,,,,,,,,,
24,2014,Open,Y,5,Y,1,83,4,21,,,,25,,8,29,,,,,,,
25,2014,Shrub,N,5,Y,2,32,2,31,,,,1,,,,,,,,,,
25,2014,Open,N,5,Y,2,16,2,8,,,,8,,,,,,,,,,
28,2014,Shrub,N,4,Y,2,107,3,84,,,4,19,,,,,,,,,,
28,2014,Open,N,4,Y,2,42,2,30,,,,12,,,,,,,,,,
30,2014,Shrub,N,1,Y,1,97,3,79,,,6,12,,,,,,,,,,
30,2014,Open,N,1,Y,1,67,3,47,,,1,19,,,,,,,,,,
31,2014,Shrub,N,0,N,2,72,3,60,,,3,9,,,,,,,,,,
31,2014,Open,N,0,N,2,68,2,50,,,,18,,,,,,,,,,
43,2014,Shrub,N,2,Y,2,84,4,67,,,4,10,,,,,,,,,3,
43,2014,Open,N,2,Y,2,72,2,61,,,,11,,,,,,,,,,
46,2014,Shrub,Y,3,Y,1,230,3,221,,,2,,,,,,,,,,,7
46,2014,Open,Y,3,Y,1,68,3,51,,,,14,,,,,,,,,,3
47,2014,Shrub,N,0,N,3,84,2,69,,,,15,,,,,,,,,,
47,2014,Open,N,0,N,3,78,2,66,,,,12,,,,,,,,,,
48,2014,Shrub,N,4,Y,3,76,2,68,,,,8,,,,,,,,,,
48,2014,Open,N,4,Y,3,88,4,66,,,4,9,,,9,,,,,,,
50,2014,Shrub,N,2,Y,3,115,1,115,,,,,,,,,,,,,,
50,2014,Open,N,2,Y,3,98,3,78,,,10,10,,,,,,,,,,
65,2014,Shrub,N,0,Y,4,42,3,25,,,8,,9,,,,,,,,,
65,2014,Open,N,0,Y,4,53,2,41,,,,12,,,,,,,,,,
72,2014,Shrub,N,4,Y,4,58,3,51,,2,5,,,,,,,,,,,
72,2014,Open,N,4,Y,4,56,2,36,,,,20,,,,,,,,,,
73,2014,Shrub,N,0,Y,5,42,1,42,,,,,,,,,,,,,,
73,2014,Open,N,0,Y,5,28,2,22,,,,6,,,,,,,,,,
75,2014,Shrub,N,1,Y,2,77,2,68,,,9,,,,,,,,,,,
75,2014,Open,N,1,Y,2,64,2,53,,,,11,,,,,,,,,,
76,2014,Shrub,N,3,Y,2,185,1,185,,,,,,,,,,,,,,
76,2014,Open,N,3,Y,2,52,3,30,,,4,18,,,,,,,,,,
78,2014,Shrub,Y,2,Y,4,160,2,147,,,,13,,,,,,,,,,
78,2014,Open,Y,2,Y,4,111,3,61,,,39,11,,,,,,,,,,
82,2014,Shrub,N,5,Y,3,92,4,77,,,2,,,4,,,,,,,,9
82,2014,Open,N,5,Y,3,96,3,21,,,,8,,,67,,,,,,,
91,2014,Shrub,N,5,Y,4,226,3,199,,,16,,11,,,,,,,,,
91,2014,Open,N,5,Y,4,210,1,210,,,,,,,,,,,,,,
96,2014,Shrub,N,0,Y,6,180,2,153,,,,27,,,,,,,,,,
96,2014,Open,N,0,Y,6,173,3,139,,,10,24,,,,,,,,,,
97,2014,Shrub,N,1,Y,3,186,2,180,,,6,,,,,,,,,,,
97,2014,Open,N,1,Y,3,56,2,46,,,,10,,,,,,,,,,
103,2014,Shrub,N,2,Y,5,37,3,35,,,,1,,1,,,,,,,,
103,2014,Open,N,2,Y,5,68,2,41,,,,27,,,,,,,,,,
104,2014,Shrub,N,0,N,7,72,2,54,,,,18,,,,,,,,,,
104,2014,Open,N,0,N,7,62,2,40,,,,22,,,,,,,,,,
114,2014,Shrub,Y,5,Y,5,58,2,36,,,22,,,,,,,,,,,
114,2014,Open,Y,5,Y,5,70,3,57,,,6,,,7,,,,,,,,
118,2014,Shrub,Y,1,Y,4,185,1,185,,,,,,,,,,,,,,
118,2014,Open,Y,1,Y,4,76,1,76,,,,,,,,,,,,,,
120,2014,Shrub,N,3,Y,3,118,2,107,,,11,,,,,,,,,,,
120,2014,Open,N,3,Y,3,38,2,17,,,,21,,,,,,,,,,
121,2014,Shrub,N,0,N,8,86,3,65,,,,17,,4,,,,,,,,
121,2014,Open,N,0,N,8,44,2,5,,,,,,,39,,,,,,,
123,2014,Shrub,N,3,Y,4,32,3,5,,,,,,1,26,,,,,,,
123,2014,Open,N,3,Y,4,103,4,8,,,,8,,2,85,,,,,,,
125,2014,Shrub,N,2,Y,6,39,3,7,,,,,,2,30,,,,,,,
125,2014,Open,N,2,Y,6,84,3,25,,,,12,,,47,,,,,,,
129,2014,Shrub,N,3,Y,5,38,1,,,,,,,,38,,,,,,,
129,2014,Open,N,3,Y,5,99,4,8,,2,,22,,,67,,,,,,,
130,2014,Shrub,Y,0,N,9,42,2,38,,,,4,,,,,,,,,,
130,2014,Open,Y,0,N,9,58,3,5,,,,18,,,35,,,,,,,
134,2014,Shrub,Y,3,Y,6,22,2,8,,,,,,,14,,,,,,,
134,2014,Open,Y,3,Y,6,104,3,15,,,,,4,,85,,,,,,,
135,2014,Shrub,Y,0,N,10,46,1,,,,,,,,46,,,,,,,
135,2014,Open,Y,0,N,10,66,3,5,,,,13,,,48,,,,,,,
142,2014,Shrub,Y,1,Y,5,79,3,12,,,,8,,,59,,,,,,,
142,2014,Open,Y,1,Y,5,68,1,,,,,,,,68,,,,,,,
148,2014,Shrub,Y,4,Y,5,22,2,14,,,,,,,8,,,,,,,
148,2014,Open,Y,4,Y,5,65,2,,,,,19,,,46,,,,,,,
149,2014,Shrub,N,5,Y,6,73,3,56,,,,10,,,7,,,,,,,
149,2014,Open,N,5,Y,6,75,2,,,,,12,,,63,,,,,,,
152,2014,Shrub,N,3,Y,7,56,2,18,,,,,,,38,,,,,,,
152,2014,Open,N,3,Y,7,84,3,3,,,,10,,,71,,,,,,,
156,2014,Shrub,N,0,Y,11,82,2,70,,,,12,,,,,,,,,,
156,2014,Open,N,0,Y,11,96,3,10,,,,23,,,63,,,,,,,
160,2014,Shrub,N,3,Y,8,34,2,17,,,,,,,17,,,,,,,
160,2014,Open,N,3,Y,8,92,3,60,,,,12,,,20,,,,,,,
164,2014,Shrub,Y,3,Y,9,101,1,101,,,,,,,,,,,,,,
164,2014,Open,Y,3,Y,9,142,1,142,,,,,,,,,,,,,,
165,2014,Shrub,N,1,Y,6,122,1,122,,,,,,,,,,,,,,
165,2014,Open,N,1,Y,6,111,4,78,,,7,13,,13,,,,,,,,
168,2014,Shrub,N,2,Y,7,104,1,104,,,,,,,,,,,,,,
168,2014,Open,N,2,Y,7,96,3,,,,,9,,11,76,,,,,,,
169,2014,Shrub,Y,0,Y,12,62,2,34,,,,,,,28,,,,,,,
169,2014,Open,Y,0,Y,12,85,3,,,,,9,,9,67,,,,,,,
172,2014,Shrub,N,2,Y,8,105,1,105,,,,,,,,,,,,,,
172,2014,Open,N,2,Y,8,88,2,77,,,,11,,,,,,,,,,
183,2014,Shrub,N,3,Y,10,71,2,,,,,14,,,,,,,,,57,
183,2014,Open,N,3,Y,10,76,2,,,,,17,,,,,,,,,59,
184,2014,Shrub,N,0,N,13,55,1,,,,,,,,,,,,,,55,
184,2014,Open,N,0,N,13,60,2,,,,,11,,,,,,,,,49,
188,2014,Shrub,N,3,Y,11,64,2,,,,,,,1,,,,,,,63,
188,2014,Open,N,3,Y,11,102,1,,,,,,,,,,,,,,102,
190,2014,Shrub,N,1,Y,7,52,2,,,,,6,,,,,,,,,46,
190,2014,Open,N,1,Y,7,88,2,,,,,21,,,,,,,,,67,
192,2014,Shrub,N,3,Y,12,108,1,,,,,,,,,,,,,,108,
192,2014,Open,N,3,Y,12,84,2,,,,,24,,,,,,,,,60,
195,2014,Shrub,N,0,N,14,35,1,,,,,,,,,,,,,,35,
195,2014,Open,N,0,N,14,78,2,,,,,19,,,,,,,,,59,
203,2014,Shrub,N,5,Y,7,125,2,115,,,,,,,10,,,,,,,
203,2014,Open,N,5,Y,7,109,3,89,,,,10,,,10,,,,,,,
204,2014,Shrub,N,5,Y,8,112,2,108,,,,,,4,,,,,,,,
204,2014,Open,N,5,Y,8,84,3,59,,,,22,,3,,,,,,,,
205,2014,Shrub,N,0,Y,15,54,1,54,,,,,,,,,,,,,,
205,2014,Open,N,0,Y,15,92,3,11,,,,7,,,74,,,,,,,
206,2014,Shrub,Y,5,Y,9,68,2,62,,,,6,,,,,,,,,,
206,2014,Open,Y,5,Y,9,105,2,86,,,,19,,,,,,,,,,
207,2014,Shrub,N,3,Y,13,114,1,114,,,,,,,,,,,,,,
207,2014,Open,N,3,Y,13,71,3,46,,,,11,,,14,,,,,,,
210,2014,Shrub,N,4,Y,6,48,2,44,,,,4,,,,,,,,,,
210,2014,Open,N,4,Y,6,84,4,25,,,,24,,17,18,,,,,,,
216,2014,Shrub,N,2,Y,9,89,3,76,,,4,9,,,,,,,,,,
216,2014,Open,N,2,Y,9,75,4,39,,,6,15,,15,,,,,,,,
219,2014,Shrub,N,2,Y,10,74,2,73,,,1,,,,,,,,,,,
219,2014,Open,N,2,Y,10,72,3,18,,,,12,,,42,,,,,,,
220,2014,Shrub,Y,2,Y,11,68,1,68,,,,,,,,,,,,,,
220,2014,Open,Y,2,Y,11,94,2,58,,,,36,,,,,,,,,,
221,2014,Shrub,N,4,Y,7,42,3,37,,,2,3,,,,,,,,,,
221,2014,Open,N,4,Y,7,92,3,73,,9,,10,,,,,,,,,,
246,2014,Shrub,N,2,Y,12,27,5,6,3,,,7,,3,8,,,,,,,
246,2014,Open,N,2,Y,12,76,4,27,,,15,23,,,11,,,,,,,
249,2014,Shrub,N,1,Y,8,46,2,29,,,,17,,,,,,,,,,
249,2014,Open,N,1,Y,8,72,3,47,,,5,20,,,,,,,,,,
252,2014,Shrub,N,2,Y,13,73,3,48,,,,7,,,18,,,,,,,
252,2014,Open,N,2,Y,13,94,1,,,,,,,,94,,,,,,,
253,2014,Shrub,N,5,Y,10,60,2,10,,,,,,,50,,,,,,,
253,2014,Open,N,5,Y,10,94,1,,,,,,,,94,,,,,,,
257,2014,Shrub,N,4,Y,8,55,2,12,,,,,,,43,,,,,,,
257,2014,Open,N,4,Y,8,90,2,,,,,13,,,77,,,,,,,
259,2014,Shrub,N,4,Y,9,106,1,,,,,,,,106,,,,,,,
259,2014,Open,N,4,Y,9,115,2,,,,,17,,,98,,,,,,,
260,2014,Shrub,N,5,Y,11,56,2,46,,,,10,,,,,,,,,,
260,2014,Open,N,5,Y,11,74,2,,,,,37,,,37,,,,,,,
263,2014,Shrub,N,1,Y,9,84,2,81,,,3,,,,,,,,,,,
263,2014,Open,N,1,Y,9,99,3,12,,,,20,,,67,,,,,,,
268,2014,Shrub,N,2,Y,14,94,2,68,,,,,,,26,,,,,,,
268,2014,Open,N,2,Y,14,110,2,,,,,22,,,88,,,,,,,
270,2014,Shrub,Y,1,Y,10,88,3,74,,,,,,2,12,,,,,,,
270,2014,Open,Y,1,Y,10,106,3,32,,,,32,,,42,,,,,,,
274,2014,Shrub,N,3,Y,14,55,3,12,,,,,,2,41,,,,,,,
274,2014,Open,N,3,Y,14,112,2,92,,,,,,,20,,,,,,,
275,2014,Shrub,N,1,Y,11,92,3,61,,,,13,,,18,,,,,,,
275,2014,Open,N,1,Y,11,104,3,21,,,,21,,,62,,,,,,,
276,2014,Shrub,N,5,Y,12,20,3,8,,,,,,8,4,,,,,,,
276,2014,Open,N,5,Y,12,49,3,8,,,,30,,11,,,,,,,,
277,2014,Shrub,Y,4,Y,10,82,2,56,,,,26,,,,,,,,,,
277,2014,Open,Y,4,Y,10,74,4,11,,,,22,,26,15,,,,,,,
282,2014,Shrub,Y,5,Y,13,68,2,56,,,,12,,,,,,,,,,
282,2014,Open,Y,5,Y,13,98,1,,,,,,,,98,,,,,,,
291,2014,Shrub,Y,0,N,16,210,1,210,,,,,,,,,,,,,,
291,2014,Open,Y,0,N,16,144,1,144,,,,,,,,,,,,,,
292,2014,Shrub,N,1,Y,12,68,2,65,,,3,,,,,,,,,,,
292,2014,Open,N,1,Y,12,88,2,63,,,,25,,,,,,,,,,
301,2014,Shrub,N,0,N,17,115,2,112,,,3,,,,,,,,,,,
301,2014,Open,N,0,N,17,73,2,62,,,,11,,,,,,,,,,
304,2014,Shrub,N,1,Y,13,74,3,56,,,8,10,,,,,,,,,,
304,2014,Open,N,1,Y,13,98,2,83,,,,15,,,,,,,,,,
329,2014,Shrub,N,2,Y,15,215,3,180,,,9,,26,,,,,,,,,
329,2014,Open,N,2,Y,15,132,2,121,,,,11,,,,,,,,,,
331,2014,Shrub,N,5,Y,14,185,1,185,,,,,,,,,,,,,,
331,2014,Open,N,5,Y,14,108,2,83,,,,25,,,,,,,,,,
332,2014,Shrub,N,5,Y,15,285,2,279,,,,,6,,,,,,,,,
332,2014,Open,N,5,Y,15,88,3,77,,,,7,,4,,,,,,,,
333,2014,Shrub,N,4,Y,11,104,2,99,,,,5,,,,,,,,,,
333,2014,Open,N,4,Y,11,89,2,78,,,,11,,,,,,,,,,
357,2014,Shrub,Y,4,Y,12,118,2,111,,,7,,,,,,,,,,,
357,2014,Open,Y,4,Y,12,82,2,67,,,,15,,,,,,,,,,
386,2014,Shrub,Y,1,Y,14,142,3,114,,,21,7,,,,,,,,,,
386,2014,Open,Y,1,Y,14,74,3,49,,,10,15,,,,,,,,,,
388,2014,Shrub,Y,3,Y,15,128,2,120,,,,8,,,,,,,,,,
388,2014,Open,Y,3,Y,15,94,3,70,,,11,13,,,,,,,,,,
393,2014,Shrub,N,3,Y,16,284,3,262,,,11,,11,,,,,,,,,
393,2014,Open,N,3,Y,16,63,3,55,,,4,4,,,,,,,,,,
394,2014,Shrub,N,4,Y,13,114,2,96,,,,18,,,,,,,,,,
394,2014,Open,N,4,Y,13,142,2,132,,,,10,,,,,,,,,,
395,2014,Shrub,N,3,Y,17,108,2,105,,,,3,,,,,,,,,,
395,2014,Open,N,3,Y,17,110,2,81,,,,29,,,,,,,,,,
396,2014,Shrub,Y,2,Y,16,122,1,122,,,,,,,,,,,,,,
396,2014,Open,Y,2,Y,16,98,2,83,,,,15,,,,,,,,,,
400,2014,Shrub,N,5,Y,16,129,3,123,,,3,3,,,,,,,,,,
400,2014,Open,N,5,Y,16,66,4,28,,,2,23,,13,,,,,,,,
408,2014,Shrub,N,1,Y,15,110,2,100,,,,,,10,,,,,,,,
408,2014,Open,N,1,Y,15,86,2,72,,,,14,,,,,,,,,,
410,2014,Shrub,N,4,Y,14,104,1,104,,,,,,,,,,,,,,
410,2014,Open,N,4,Y,14,97,2,79,,,,,,18,,,,,,,,
413,2014,Shrub,Y,5,Y,17,122,1,122,,,,,,,,,,,,,,
413,2014,Open,Y,5,Y,17,85,2,65,,,,20,,,,,,,,,,
424,2014,Shrub,N,2,Y,17,88,2,75,,,,13,,,,,,,,,,
424,2014,Open,N,2,Y,17,79,3,59,,,8,12,,,,,,,,,,
425,2014,Shrub,N,0,N,18,54,2,46,,,8,,,,,,,,,,,
425,2014,Open,N,0,N,18,84,3,69,,,7,8,,,,,,,,,,
427,2014,Shrub,N,1,Y,16,86,3,51,,,26,9,,,,,,,,,,
427,2014,Open,N,1,Y,16,74,2,61,,,,13,,,,,,,,,,
428,2014,Shrub,N,5,Y,18,122,3,95,,,18,9,,,,,,,,,,
428,2014,Open,N,5,Y,18,35,3,15,,,6,14,,,,,,,,,,
431,2014,Shrub,N,0,N,19,68,6,27,,7,4,10,,3,17,,,,,,,
431,2014,Open,N,0,N,19,78,3,56,,,8,14,,,,,,,,,,
432,2014,Shrub,Y,0,N,20,31,1,31,,,,,,,,,,,,,,
432,2014,Open,Y,0,N,20,78,2,66,,,,12,,,,,,,,,,
434,2014,Shrub,N,1,Y,17,87,2,76,,,11,,,,,,,,,,,
434,2014,Open,N,1,Y,17,118,2,97,,,,21,,,,,,,,,,
435,2014,Shrub,Y,4,Y,15,104,1,104,,,,,,,,,,,,,,
435,2014,Open,Y,4,Y,15,72,3,49,,,10,13,,,,,,,,,,
436,2014,Shrub,N,3,Y,18,118,1,118,,,,,,,,,,,,,,
436,2014,Open,N,3,Y,18,85,4,34,,,13,21,,17,,,,,,,,
437,2014,Shrub,Y,1,Y,18,49,1,49,,,,,,,,,,,,,,
437,2014,Open,Y,1,Y,18,82,4,23,,,,26,,11,22,,,,,,,
440,2014,Shrub,N,4,Y,16,140,3,119,,,18,,3,,,,,,,,,
440,2014,Open,N,4,Y,16,124,3,117,,,1,6,,,,,,,,,,
441,2014,Shrub,N,2,Y,18,67,2,61,,,6,,,,,,,,,,,
441,2014,Open,N,2,Y,18,78,3,55,,,9,14,,,,,,,,,,
443,2014,Shrub,N,1,Y,19,84,1,84,,,,,,,,,,,,,,
443,2014,Open,N,1,Y,19,72,2,45,,,,27,,,,,,,,,,
445,2014,Shrub,N,2,Y,19,148,1,148,,,,,,,,,,,,,,
445,2014,Open,N,2,Y,19,112,2,86,,,,26,,,,,,,,,,
451,2014,Shrub,N,4,Y,17,69,1,69,,,,,,,,,,,,,,
451,2014,Open,N,4,Y,17,48,2,42,,,,6,,,,,,,,,,
489,2014,Shrub,N,4,Y,18,122,1,122,,,,,,,,,,,,,,
489,2014,Open,N,4,Y,18,92,4,48,,,,21,,14,9,,,,,,,
494,2014,Shrub,N,4,Y,19,220,1,220,,,,,,,,,,,,,,
494,2014,Open,N,4,Y,19,94,2,73,,,,21,,,,,,,,,,
513,2014,Shrub,N,4,Y,20,88,1,88,,,,,,,,,,,,,,
513,2014,Open,N,4,Y,20,80,3,36,,,,28,,16,,,,,,,,
669,2014,Shrub,N,2,Y,20,122,4,100,,,10,7,,5,,,,,,,,
669,2014,Open,N,2,Y,20,104,2,93,,,,11,,,,,,,,,,
672,2014,Shrub,N,5,Y,19,78,1,78,,,,,,,,,,,,,,
672,2014,Open,N,5,Y,19,104,2,85,,,,19,,,,,,,,,,
689,2014,Shrub,N,1,Y,20,121,1,121,,,,,,,,,,,,,,
689,2014,Open,N,1,Y,20,106,4,40,,,4,45,,17,,,,,,,,
693,2014,Shrub,N,5,Y,20,115,1,115,,,,,,,,,,,,,,
693,2014,Open,N,5,Y,20,68,3,55,,,,6,,7,,,,,,,,
694,2014,Shrub,N,3,Y,19,142,2,136,,,,6,,,,,,,,,,
694,2014,Open,N,3,Y,19,114,2,89,,,,25,,,,,,,,,,
695,2014,Shrub,Y,3,Y,20,110,3,46,,,24,40,,,,,,,,,,
695,2014,Open,Y,3,Y,20,71,4,50,,,,14,,5,2,,,,,,,
25,2016,Shrub,Y,1,Y,1,118,1,118,,,,,,,,,,,,,,
25,2016,Open,Y,1,Y,1,128,2,52,,,,76,,,,,,,,,,
28,2016,Shrub,Y,0,N,1,142,1,142,,,,,,,,,,,,,,
28,2016,Open,Y,0,N,1,139,2,48,,,,91,,,,,,,,,,
30,2016,Shrub,Y,1,Y,2,130,1,130,,,,,,,,,,,,,,
30,2016,Open,Y,1,Y,2,162,2,66,,,,96,,,,,,,,,,
31,2016,Shrub,N,1,Y,1,115,2,112,,,,3,,,,,,,,,,
31,2016,Open,N,1,Y,1,118,2,26,,,,92,,,,,,,,,,
43,2016,Shrub,Y,0,N,2,135,2,132,,,,3,,,,,,,,,,
43,2016,Open,Y,0,N,2,118,2,48,,,,70,,,,,,,,,,
47,2016,Shrub,N,1,Y,2,128,1,128,,,,,,,,,,,,,,
47,2016,Open,N,1,Y,2,116,3,66,,,,48,,,,,2,,,,,
48,2016,Shrub,N,0,N,1,122,1,122,,,,,,,,,,,,,,
48,2016,Open,N,0,N,1,143,3,71,,,,70,,,,,2,,,,,
50,2016,Shrub,Y,1,Y,3,166,1,166,,,,,,,,,,,,,,
50,2016,Open,Y,1,Y,3,119,2,40,,,,79,,,,,,,,,,
65,2016,Shrub,Y,0,N,3,155,1,155,,,,,,,,,,,,,,
65,2016,Open,Y,0,N,3,152,3,68,,,,82,,,,,2,,,,,
78,2016,Shrub,Y,1,Y,4,142,1,142,,,,,,,,,,,,,,
78,2016,Open,Y,1,Y,4,136,3,60,,,,72,,,,,4,,,,,
82,2016,Shrub,N,1,Y,3,170,1,170,,,,,,,,,,,,,,
82,2016,Open,N,1,Y,3,72,2,28,,,,44,,,,,,,,,,
91,2016,Shrub,N,0,N,2,199,2,115,,,,84,,,,,,,,,,
91,2016,Open,N,0,N,2,80,1,80,,,,,,,,,,,,,,
95,2016,Shrub,N,1,Y,4,178,2,166,,,,,12,,,,,,,,,
95,2016,Open,N,1,Y,4,128,3,41,,,,84,,,3,,,,,,,
97,2016,Shrub,N,1,Y,5,145,2,144,1,,,,,,,,,,,,,
97,2016,Open,N,1,Y,5,160,3,66,,,,90,,,,,4,,,,,
103,2016,Shrub,Y,0,N,4,127,2,115,,,,12,,,,,,,,,,
103,2016,Open,Y,0,N,4,120,2,32,,,,88,,,,,,,,,,
104,2016,Shrub,Y,1,Y,5,108,3,104,,,,3,,,,1,,,,,,
104,2016,Open,Y,1,Y,5,137,3,44,,,,90,,,,,3,,,,,
119,2016,Shrub,Y,0,N,5,171,3,140,,,,5,26,,,,,,,,,
119,2016,Open,Y,0,N,5,102,2,38,,,,64,,,,,,,,,,
120,2016,Shrub,N,0,N,3,120,1,120,,,,,,,,,,,,,,
120,2016,Open,N,0,N,3,134,2,56,,,,78,,,,,,,,,,
123,2016,Shrub,Y,1,Y,6,101,2,93,,,,8,,,,,,,,,,
123,2016,Open,Y,1,Y,6,88,2,10,,,,78,,,,,,,,,,
125,2016,Shrub,N,1,Y,6,167,1,167,,,,,,,,,,,,,,
125,2016,Open,N,1,Y,6,103,2,33,,,,70,,,,,,,,,,
128,2016,Shrub,Y,0,N,6,173,2,161,,,,12,,,,,,,,,,
128,2016,Open,Y,0,N,6,123,2,35,,,,88,,,,,,,,,,
129,2016,Shrub,N,0,N,4,135,2,132,,,,3,,,,,,,,,,
129,2016,Open,N,0,N,4,48,2,11,,,,37,,,,,,,,,,
160,2016,Shrub,Y,1,Y,7,193,4,177,,3,,,12,,,,1,,,,,
160,2016,Open,Y,1,Y,7,148,4,56,,,,90,,,,,1,,1,,,
165,2016,Shrub,Y,0,N,7,174,2,166,,,,8,,,,,,,,,,
165,2016,Open,Y,0,N,7,114,2,39,,,,75,,,,,,,,,,
168,2016,Shrub,N,1,Y,7,137,2,123,,14,,,,,,,,,,,,
168,2016,Open,N,1,Y,7,127,2,72,,,,55,,,,,,,,,,
171,2016,Shrub,Y,1,Y,8,205,2,165,,,,40,,,,,,,,,,
171,2016,Open,Y,1,Y,8,206,2,121,,,,85,,,,,,,,,,
179,2016,Shrub,N,0,N,5,121,2,99,,,,22,,,,,,,,,,
179,2016,Open,N,0,N,5,116,2,35,,,,81,,,,,,,,,,
183,2016,Shrub,N,0,N,6,77,2,10,,,,,,,66,,,,,,,
183,2016,Open,N,0,N,6,7,3,8,,,,12,,,50,,,,,,,
184,2016,Shrub,N,1,Y,8,129,3,5,,,,28,,,96,,,,,,,
184,2016,Open,N,1,Y,8,85,4,15,,,,20,,,28,,,22,,,,
188,2016,Shrub,N,0,N,7,131,3,3,,,,6,,,122,,,,,,,
188,2016,Open,N,0,N,7,50,2,,,,,35,,,15,,,,,,,
195,2016,Shrub,N,1,Y,9,104,3,44,,,,30,,,30,,,,,,,
195,2016,Open,N,1,Y,9,108,3,,,,,29,,,45,,,34,,,,
203,2016,Shrub,N,0,N,8,160,1,160,,,,,,,,,,,,,,
203,2016,Open,N,0,N,8,100,2,25,,,,75,,,,,,,,,,
216,2016,Shrub,Y,0,N,8,180,1,180,,,,,,,,,,,,,,
216,2016,Open,Y,0,N,8,121,4,42,,,,70,,,,,,8,1,,,
219,2016,Shrub,Y,1,Y,9,187,2,182,,,,5,,,,,,,,,,
219,2016,Open,Y,1,Y,9,75,3,26,,,,48,,,,,,,1,,,
221,2016,Shrub,Y,0,N,9,202,1,202,,,,,,,,,,,,,,
221,2016,Open,Y,0,N,9,119,3,36,,,,82,,,,,,,,1,,
252,2016,Shrub,Y,0,N,11,40,3,12,,25,,3,,,,,,,,,,
252,2016,Open,Y,0,N,11,101,4,10,,,,35,,,30,,,26,,,,
257,2016,Shrub,Y,1,Y,12,141,2,112,,29,,,,,,,,,,,,
257,2016,Open,Y,1,Y,12,133,4,5,,,,33,,,51,,,44,,,,
259,2016,Shrub,N,0,N,9,118,2,112,,,,6,,,,,,,,,,
259,2016,Open,N,0,N,9,103,4,14,,,,30,,,30,,,29,,,,
260,2016,Shrub,N,1,Y,10,125,1,125,,,,,,,,,,,,,,
260,2016,Open,N,1,Y,10,55,2,15,,,,40,,,,,,,,,,
263,2016,Shrub,Y,1,Y,10,185,3,175,,,,8,,,,,2,,,,,
263,2016,Open,Y,1,Y,10,130,3,36,,,,91,,,,,3,,,,,
268,2016,Shrub,Y,0,N,10,124,2,105,,,,19,,,,,,,,,,
268,2016,Open,Y,0,N,10,127,3,51,,,,32,,,,,,44,,,,
274,2016,Shrub,Y,1,Y,11,145,3,66,,,,14,,,65,,,,,,,
274,2016,Open,Y,1,Y,11,101,3,12,,,,78,,,,,,11,,,,
275,2016,Shrub,N,0,N,10,142,1,142,,,,,,,,,,,,,,
275,2016,Open,N,0,N,10,76,4,18,,,,35,,,20,,3,,,,,
276,2016,Shrub,N,0,N,11,195,1,195,,,,,,,,,,,,,,
276,2016,Open,N,0,N,11,112,2,35,,,,77,,,,,,,,,,
292,2016,Shrub,Y,0,N,13,211,1,211,,,,,,,,,,,,,,
292,2016,Open,Y,0,N,13,165,2,70,,,,95,,,,,,,,,,
301,2016,Shrub,N,1,Y,11,188,1,188,,,,,,,,,,,,,,
301,2016,Open,N,1,Y,11,133,3,70,,,,55,,,8,,,,,,,
304,2016,Shrub,N,0,N,12,165,1,165,,,,,,,,,,,,,,
304,2016,Open,N,0,N,12,89,2,22,,,,67,,,,,,,,,,
329,2016,Shrub,Y,1,Y,14,173,2,171,,,,,,,,,2,,,,,
329,2016,Open,Y,1,Y,14,159,3,92,,,,66,,,,,1,,,,,
332,2016,Shrub,Y,0,N,14,181,2,180,,,,,,,,,,,1,,,
332,2016,Open,Y,0,N,14,155,3,66,,,,88,,,,1,,,,,,
333,2016,Shrub,N,0,N,13,181,1,181,,,,,,,,,,,,,,
333,2016,Open,N,0,N,13,127,2,50,,,,77,,,,,,,,,,
394,2016,Shrub,N,1,Y,12,176,1,176,,,,,,,,,,,,,,
394,2016,Open,N,1,Y,12,137,2,71,,,,66,,,,,,,,,,
395,2016,Shrub,N,1,Y,13,168,1,168,,,,,,,,,,,,,,
395,2016,Open,N,1,Y,13,118,2,42,,,,76,,,,,,,,,,
400,2016,Shrub,N,0,N,14,202,1,202,,,,,,,,,,,,,,
400,2016,Open,N,0,N,14,129,2,49,,,,80,,,,,,,,,,
408,2016,Shrub,Y,0,N,12,170,2,169,,,,,,,,,,,1,,,
408,2016,Open,Y,0,N,12,137,3,55,,,,81,,,,1,,,,,,
410,2016,Shrub,Y,1,Y,13,105,1,105,,,,,,,,,,,,,,
410,2016,Open,Y,1,Y,13,143,3,82,,,,56,5,,,,,,,,,
424,2016,Shrub,Y,1,Y,15,188,2,185,,,,,,,,,,,,3,,
424,2016,Open,Y,1,Y,15,122,3,52,,,,69,,,,,1,,,,,
427,2016,Shrub,Y,0,N,15,218,3,206,,,,10,,,,,2,,,,,
427,2016,Open,Y,0,N,15,154,3,61,,,,88,,,,,,,,5,,
428,2016,Shrub,N,1,Y,14,114,1,114,,,,,,,,,,,,,,
428,2016,Open,N,1,Y,14,126,2,70,,,,56,,,,,,,,,,
431,2016,Shrub,N,1,Y,15,115,1,115,,,,,,,,,,,,,,
431,2016,Open,N,1,Y,15,126,2,45,,,,81,,,,,,,,,,
434,2016,Shrub,N,0,N,15,147,1,147,,,,,,,,,,,,,,
434,2016,Open,N,0,N,15,147,2,79,,,,68,,,,,,,,,,
